Date,Close,return,P/E,Î²
6/25/18,$45.54,0.0123297,0.000270729,0.420677383
6/26/18,$46.11,-0.001465,-3.17745E-05,0.209902995
6/27/18,$46.04,0.0072499,0.00015747,0.126337118
6/28/18,$46.38,-0.0021046,-4.53831E-05,0.087107256
6/29/18,$46.28,0.0111205,0.0002403,0.156173566
7/2/18,$46.80,-0.0175698,-0.000375464,0.143548546
7/3/18,$45.98,0.0080148,0.00017431,0.072174007
7/5/18,$46.35,0.0137667,0.000297017,0.119920925
7/6/18,$46.99,0.0137897,0.000293444,0.108911825
7/9/18,$47.65,-0.0012076,-2.53452E-05,0.116045879
7/10/18,$47.59,-0.013061,-0.000274463,0.129726639
7/11/18,$46.97,0.016627,0.000353992,0.119398754
7/12/18,$47.76,0.0015692,3.28577E-05,0.103104067
7/13/18,$47.83,-0.0021976,-4.59431E-05,0.095006178
7/16/18,$47.73,0.0028246,5.91811E-05,0.078075056
7/17/18,$47.86,-0.0054996,-0.000114903,0.06607321
7/18/18,$47.60,0.0077431,0.000162669,0.063115808
7/19/18,$47.97,-0.0022957,-4.78577E-05,0.060233442
7/20/18,$47.86,0.0008876,1.8546E-05,0.056380819
7/23/18,$47.90,0.0072281,0.000150893,0.060162129
7/24/18,$48.25,0.0093859,0.000194526,0.064800168
7/25/18,$48.71,-0.003136,-6.43878E-05,0.088723835
7/26/18,$48.55,-0.0167713,-0.000345427,0.117208248
7/27/18,$47.75,-0.0056184,-0.000117676,0.112477379
7/30/18,$47.48,0.0019989,4.21031E-05,0.087462018
7/31/18,$47.57,0.0572402,0.001203219,0.079222879
8/1/18,$50.38,0.0288117,0.000571944,0.077457094
8/2/18,$51.85,0.0028889,5.57196E-05,0.074280114
8/3/18,$52.00,0.0051791,9.96033E-05,0.062061282
8/6/18,$52.27,-0.0094191,-0.000180209,0.061358702
8/7/18,$51.78,0.0006757,1.30509E-05,0.058795101
8/8/18,$51.81,0.0078341,0.000151202,0.052065013
8/9/18,$52.22,-0.006484,-0.000124167,0.051402544
8/10/18,$51.88,0.0064361,0.000124052,0.049993988
8/13/18,$52.22,0.0042043,8.05151E-05,0.047187023
8/14/18,$52.44,0.0023334,4.44985E-05,0.049861352
8/15/18,$52.56,0.0145437,0.000276706,0.055625147
8/16/18,$53.33,0.0197732,0.000370771,0.031289439
8/17/18,$54.40,-0.0097913,-0.000180004,0.032873253
8/20/18,$53.87,-0.0019512,-3.62243E-05,0.029342893
8/21/18,$53.76,4.65E-05,8.64991E-07,0.027665087
8/22/18,$53.76,0.0020439,3.80181E-05,0.026003142
8/23/18,$53.87,0.0031044,5.76244E-05,0.02288475
8/24/18,$54.04,0.0082009,0.000151757,0.020991411
8/27/18,$54.49,0.0080432,0.000147622,0.023207452
8/28/18,$54.93,0.0148191,0.000269806,0.022594938
8/29/18,$55.75,0.0091516,0.00016417,0.022742227
8/30/18,$56.26,0.0114878,0.0002042,0.020518354
8/31/18,$56.91,0.0032018,5.62637E-05,0.022891135
9/4/18,$57.09,-0.0065462,-0.000114664,0.025375044
9/5/18,$56.72,-0.0167571,-0.000295448,0.01881442
9/6/18,$55.78,-0.0081009,-0.000145242,0.023835665
9/7/18,$55.33,-0.0135116,-0.000244222,0.027994577
9/10/18,$54.58,0.0249685,0.000457445,0.030335997
9/11/18,$55.96,-0.0124968,-0.000223307,0.033573334
9/12/18,$55.27,0.0238681,0.000431865,0.032343775
9/13/18,$56.60,-0.011416,-0.000201687,0.026337519
9/14/18,$55.96,-0.0269871,-0.000482256,0.025283282
9/17/18,$54.47,0.0016509,3.03088E-05,0.024341777
9/18/18,$54.56,0.0005955,1.09145E-05,0.024186081
9/19/18,$54.59,0.007573,0.000138719,0.024102924
9/20/18,$55.01,-0.0108297,-0.000196877,0.017662671
9/21/18,$54.42,0.0142778,0.000262387,0.014340723
9/24/18,$55.20,0.0063208,0.000114513,0.023881792
9/25/18,$55.55,-0.0079981,-0.000143986,0.018367319
9/26/18,$55.11,0.0203433,0.000369174,0.017937493
9/27/18,$56.24,0.0035057,6.23381E-05,0.018851788
9/28/18,$56.44,0.0067108,0.000118913,0.01809281
10/1/18,$56.82,0.0088492,0.000155755,0.015710438
10/2/18,$57.32,0.0120951,0.00021101,0.016030389
10/3/18,$58.02,-0.0177373,-0.000305723,0.005863684
10/4/18,$57.00,-0.0163619,-0.000287064,0.002005115
10/5/18,$56.07,-0.0023211,-4.1395E-05,0.006177153
10/8/18,$55.94,0.0137584,0.000245939,-0.001241887
10/9/18,$56.72,-0.0474335,-0.000836311,0.001822506
10/10/18,$54.09,-0.0088671,-0.000163932,-0.003325998
10/11/18,$53.61,0.0350961,0.000654626,0.001339789
10/12/18,$55.53,-0.0216178,-0.000389317,0.017677326
10/15/18,$54.34,0.0217979,0.000401138,0.017659407
10/16/18,$55.54,-0.0043308,-7.79792E-05,0.013491292
10/17/18,$55.30,-0.0236511,-0.000427706,0.017918832
10/18/18,$54.01,0.0151153,0.000279886,0.017299244
10/19/18,$54.83,0.0060915,0.000111103,0.020571283
10/22/18,$55.16,0.0093825,0.000170089,0.028093443
10/23/18,$55.68,-0.0349037,-0.000626835,0.031294432
10/24/18,$53.77,0.0216615,0.000402836,0.030200755
10/25/18,$54.95,-0.0160517,-0.000292115,0.021874002
10/26/18,$54.08,-0.0189486,-0.000350414,0.02345844
10/29/18,$53.06,0.0049819,9.38921E-05,0.026757905
10/30/18,$53.33,0.0257326,0.000482562,0.020543936
10/31/18,$54.72,0.0152356,0.000278454,-0.001246958
11/1/18,$55.56,-0.0686329,-0.001235405,-0.000149065
11/2/18,$51.87,-0.028799,-0.000555215,0.000211533
11/5/18,$50.40,0.010756,0.000213423,-0.006324797
11/6/18,$50.94,0.0298775,0.000586495,-0.00402058
11/7/18,$52.49,-0.0069783,-0.000132952,-0.000463879
11/8/18,$52.12,-0.0194698,-0.00037354,0.012054629
11/9/18,$51.12,-0.0516872,-0.001011145,0.008500519
11/12/18,$48.54,-0.0100415,-0.00020686,0.008143623
11/13/18,$48.06,-0.028654,-0.000596245,0.008281284
11/14/18,$46.70,0.0243792,0.000522039,0.008798931
11/15/18,$47.85,0.0110148,0.000230183,0.003686236
11/16/18,$48.38,-0.0404388,-0.000835815,0.011509299
11/19/18,$46.47,-0.048957,-0.001053631,0.011687954
11/20/18,$44.25,-0.0011307,-2.55557E-05,0.014134275
11/21/18,$44.20,-0.0257269,-0.000582123,0.013659512
11/23/18,$43.07,0.0134331,0.000311871,0.013351982
11/26/18,$43.66,-0.0021785,-4.99032E-05,0.002741168
11/27/18,$43.56,0.0377318,0.000866204,0.002023271
11/28/18,$45.24,-0.0077118,-0.000170482,0.001372825
11/29/18,$44.89,-0.005417,-0.00012068,-0.012230249
11/30/18,$44.65,0.0343457,0.000769307,-0.003319738
12/3/18,$46.21,-0.0449856,-0.000973609,-0.002812414
12/4/18,$44.17,-0.0112121,-0.000253825,-0.006839001
12/6/18,$43.68,-0.0363083,-0.000831234,-0.005541039
12/7/18,$42.12,0.0065663,0.000155886,-0.003863326
12/10/18,$42.40,-0.0057358,-0.000135277,-0.003247203
12/11/18,$42.16,0.0027833,6.60212E-05,-0.006053579
12/12/18,$42.28,0.0108809,0.000257383,0.003532784
12/13/18,$42.74,-0.0325208,-0.000760942,0.004278581
12/14/18,$41.37,-0.0093498,-0.000226005,0.001949285
12/17/18,$40.99,0.0129089,0.000314966,0.006819547
12/18/18,$41.52,-0.0316885,-0.000763256,0.011611699
12/19/18,$40.22,-0.0255585,-0.000635428,0.015155133
12/20/18,$39.21,-0.0396723,-0.001011854,0.033683843
12/21/18,$37.68,-0.0262147,-0.000695673,0.066354664
12/24/18,$36.71,0.0680526,0.001853915,0.064541343
12/26/18,$39.29,-0.0065109,-0.000165704,0.064205853
12/27/18,$39.04,0.0005122,1.31206E-05,0.066385663
12/28/18,$39.06,0.0096188,0.000246274,0.065251053
12/31/18,$39.44,0.0011405,2.89202E-05,0.068414638
1/2/19,$39.48,-0.1049244,-0.002657659,0.085742908
1/3/19,$35.55,0.0418033,0.001175984,0.085269378
1/4/19,$37.07,-0.0022283,-6.01187E-05,0.075814035
1/7/19,$36.98,0.0188836,0.00051061,0.07352329
1/8/19,$37.69,0.0168392,0.000446811,0.07221303
1/9/19,$38.33,0.003191,8.32572E-05,0.071779918
1/10/19,$38.45,-0.0098665,-0.000256605,0.069448516
1/11/19,$38.07,-0.0151513,-0.000397959,0.070819403
1/14/19,$37.50,0.02026,0.000540268,0.070935623
1/15/19,$38.27,0.0121426,0.000317309,0.071063104
1/16/19,$38.74,0.0059202,0.000152839,0.07219144
1/17/19,$38.97,0.0061405,0.00015759,0.065197649
1/18/19,$39.21,-0.0227019,-0.000579055,0.065429452
1/22/19,$38.33,0.0040362,0.000105315,0.066832413
1/23/19,$38.48,-0.0079578,-0.000206803,0.066343464
1/24/19,$38.18,0.0325997,0.000853954,0.0650751
1/25/19,$39.44,-0.0092977,-0.000235742,0.066026914
1/28/19,$39.08,-0.0104188,-0.000266635,0.048260092
1/29/19,$38.67,0.066101,0.001709362,0.047749524
1/30/19,$41.31,0.0071754,0.000173686,0.047552861
1/31/19,$41.61,0.0004805,1.15486E-05,0.046214167
2/1/19,$41.63,0.0280091,0.000672809,0.049145664
2/4/19,$42.81,0.0169648,0.000396257,0.048826225
2/5/19,$43.55,0.0003444,7.90933E-06,0.048473137
2/6/19,$43.56,-0.019121,-0.000438959,0.048261526
2/7/19,$42.74,-0.0031053,-7.26646E-05,0.048268962
2/8/19,$42.60,-0.0057674,-0.000135378,0.04789633
2/11/19,$42.36,0.0085802,0.000202567,0.047104197
2/12/19,$42.72,-0.0041634,-9.74516E-05,0.045656262
2/13/19,$42.55,0.0036366,8.54761E-05,0.045154623
2/14/19,$42.70,-0.0022273,-5.21617E-05,0.0451579
2/15/19,$42.61,0.0029881,7.01358E-05,0.045735865
2/19/19,$42.73,0.0064148,0.000150114,0.04561919
2/20/19,$43.01,-0.0056545,-0.000131477,0.047781958
2/21/19,$42.77,0.0111038,0.000259647,0.046478402
2/22/19,$43.24,0.0072581,0.000167846,0.046156072
2/25/19,$43.56,0.0005738,1.31731E-05,0.045608834
2/26/19,$43.58,0.0030928,7.09639E-05,0.043322005
2/27/19,$43.72,-0.0098846,-0.000226101,0.043477065
2/28/19,$43.29,0.0104563,0.000241554,0.044034922
3/1/19,$43.74,0.0050168,0.00011469,0.043884869
3/4/19,$43.96,-0.0018214,-4.14305E-05,0.044913842
3/5/19,$43.88,-0.0057706,-0.000131502,0.047264157
3/6/19,$43.63,-0.0116421,-0.000266837,0.046890219
3/7/19,$43.13,0.002374,5.50491E-05,0.055256711
3/8/19,$43.23,0.0340558,0.000787826,0.056446635
3/11/19,$44.73,0.0111727,0.000249808,0.056233739
3/12/19,$45.23,0.0044123,9.75588E-05,0.055296414
3/13/19,$45.43,0.0110553,0.000243361,0.057524833
3/14/19,$45.93,0.0129243,0.000281377,0.055938641
3/15/19,$46.53,0.0101567,0.000218283,0.055869871
3/18/19,$47.01,-0.0079563,-0.000169264,0.054858489
3/19/19,$46.63,0.0087006,0.000186578,0.054824039
3/20/19,$47.04,0.0361683,0.000768884,0.052783198
3/21/19,$48.77,-0.0209258,-0.000429049,0.052687595
3/22/19,$47.76,-0.0121648,-0.000254693,0.052884426
3/25/19,$47.19,-0.0103854,-0.0002201,0.052196725
3/26/19,$46.70,0.0089539,0.000191742,0.051912176
3/27/19,$47.12,0.0013256,2.81338E-05,0.052501311
3/28/19,$47.18,0.0064964,0.000137695,0.053172807
3/29/19,$47.49,0.0067683,0.000142528,0.052481246
4/1/19,$47.81,0.0144321,0.000301863,0.051714792
4/2/19,$48.51,0.0068316,0.000140843,0.051460827
4/3/19,$48.84,0.001739,3.56069E-05,0.051285179
4/4/19,$48.92,0.006672,0.000136378,0.050694211
4/5/19,$49.25,0.0156135,0.000317026,0.050655999
4/8/19,$50.03,-0.003003,-6.00301E-05,0.05104122
4/9/19,$49.88,0.0055983,0.000112247,0.050948652
4/10/19,$50.16,-0.008359,-0.000166664,0.050671205
4/11/19,$49.74,-0.0004022,-8.08629E-06,0.0506249
4/12/19,$49.72,0.0018086,3.63774E-05,0.050333671
4/15/19,$49.81,0.0001004,2.01539E-06,0.053346571
4/16/19,$49.81,0.0192859,0.000387169,0.053215647
4/17/19,$50.78,0.0035873,7.06408E-05,0.05291311
4/18/19,$50.97,0.0032812,6.43811E-05,0.052735407
4/22/19,$51.13,0.0143203,0.000280062,0.05243375
4/23/19,$51.87,-0.0015435,-2.97572E-05,0.051837593
4/24/19,$51.79,-0.0091165,-0.000176029,0.051672939
4/25/19,$51.32,-0.0047854,-9.32463E-05,0.051381458
4/26/19,$51.08,0.0015162,2.96863E-05,0.050056134
4/29/19,$51.15,-0.019444,-0.000380117,0.047536792
4/30/19,$50.17,0.0479189,0.000955178,0.048015549
5/1/19,$52.63,-0.006529,-0.000124054,0.048900116
5/2/19,$52.29,0.0123546,0.000236283,0.045783701
5/3/19,$52.94,-0.0155632,-0.000293992,0.04857762
5/6/19,$52.12,-0.027327,-0.00052431,0.048332303
5/7/19,$50.72,0.0001972,3.88762E-06,0.04720159
5/8/19,$50.73,-0.0108023,-0.000212959,0.047250442
5/9/19,$50.18,-0.0177939,-0.000354601,0.048393862
5/10/19,$49.30,-0.0598769,-0.001214664,0.050606709
5/13/19,$46.43,0.0157063,0.000338279,0.049258549
5/14/19,$47.17,0.011908,0.000252476,0.048534613
5/15/19,$47.73,-0.0044095,-9.23833E-05,0.048071148
5/16/19,$47.52,-0.005698,-0.000119908,0.0433197
5/17/19,$47.25,-0.0317692,-0.000672364,0.042671611
5/20/19,$45.77,0.0189895,0.000414866,0.041796654
5/21/19,$46.65,-0.020684,-0.000443388,0.043701124
5/22/19,$45.70,-0.0172171,-0.000376782,0.043300255
5/23/19,$44.92,-0.003848,-8.56725E-05,0.043562697
5/24/19,$44.74,-0.0041433,-9.26042E-05,0.042751168
5/28/19,$44.56,-0.0047805,-0.000107289,0.042297041
5/29/19,$44.35,0.0051732,0.000116658,0.039522405
5/30/19,$44.58,-0.0182816,-0.000410132,0.038931503
5/31/19,$43.77,-0.0101617,-0.000232174,0.040789453
6/3/19,$43.33,0.0359307,0.000829328,0.041707171
6/4/19,$44.91,0.0160145,0.00035659,0.041654781
6/5/19,$45.64,0.014575,0.000319382,0.041864739
6/6/19,$46.31,0.0262689,0.000567302,0.041505564
6/7/19,$47.54,0.0126984,0.000267124,0.038845815
6/10/19,$48.15,0.0115131,0.000239133,0.038770171
6/11/19,$48.70,-0.0031877,-6.54517E-05,0.03862519
6/12/19,$48.55,-0.000206,-4.24337E-06,0.038216197
6/13/19,$48.54,-0.0072889,-0.000150171,0.037632508
6/14/19,$48.19,0.0059489,0.000123459,0.03687424
6/17/19,$48.47,0.0232462,0.000479575,0.036749632
6/18/19,$49.61,-0.0029269,-5.89958E-05,0.037049178
6/19/19,$49.47,0.0080035,0.000161792,0.03707224
6/20/19,$49.87,-0.003415,-6.84855E-05,0.036838286
6/21/19,$49.70,-0.0010066,-2.02564E-05,0.036543336
6/24/19,$49.65,-0.0152737,-0.000307658,0.033967415
6/25/19,$48.89,0.0213985,0.000437664,0.033823221
6/26/19,$49.95,-0.0003003,-6.01292E-06,0.03530991
6/27/19,$49.94,-0.0091536,-0.000183311,0.038974068
6/28/19,$49.48,0.0181746,0.000367312,0.039467879
7/1/19,$50.39,0.0058376,0.000115853,0.040098937
7/2/19,$50.68,0.0082527,0.000162832,0.039910166
7/3/19,$51.10,-0.000881,-1.72393E-05,0.039485864
7/5/19,$51.06,-0.0208294,-0.000407961,0.039456836
7/8/19,$50.01,0.0060809,0.000121605,0.039724435
7/9/19,$50.31,0.0098401,0.00019559,0.03895212
7/10/19,$50.81,-0.007309,-0.000143857,0.039267088
7/11/19,$50.44,0.0076534,0.000151741,0.039101549
7/12/19,$50.83,0.0093511,0.000183987,0.038960502
7/15/19,$51.30,-0.0034659,-6.75575E-05,0.038783416
7/16/19,$51.13,-0.0056393,-0.000110305,0.038830102
7/17/19,$50.84,0.0112957,0.000222192,0.03836674
7/18/19,$51.42,-0.0150401,-0.000292523,0.037645406
7/19/19,$50.65,0.0225968,0.000446158,0.037597482
7/22/19,$51.81,0.0077874,0.000150321,0.037711255
7/23/19,$52.21,-0.0008144,-1.55976E-05,0.037814794
7/24/19,$52.17,-0.0079386,-0.000152176,0.0376598
7/25/19,$51.76,0.0034719,6.70832E-05,0.037129596
7/26/19,$51.94,0.0092953,0.000178979,0.036968651
7/29/19,$52.42,-0.0043015,-8.20582E-05,0.035295625
7/30/19,$52.20,0.0201989,0.000386989,0.027455152
7/31/19,$53.26,-0.0218767,-0.000410753,0.02562656
8/1/19,$52.11,-0.0213852,-0.000410406,0.031021092
8/2/19,$51.01,-0.0537677,-0.001054166,0.034785154
8/5/19,$48.34,0.0187534,0.000387989,0.03436669
8/6/19,$49.25,0.0103021,0.000209179,0.035199114
8/7/19,$49.76,0.0218162,0.000438428,0.035009389
8/8/19,$50.86,-0.0120668,-0.000237267,0.034835882
8/9/19,$50.25,-0.0025407,-5.0563E-05,0.037581006
8/12/19,$50.12,0.0414762,0.000827538,0.03973085
8/13/19,$52.24,-0.030217,-0.000578399,0.038899136
8/14/19,$50.69,-0.004994,-9.85244E-05,0.038072662
8/15/19,$50.44,0.0233207,0.000462391,0.036879799
8/16/19,$51.63,0.0184724,0.000357819,0.036774822
8/19/19,$52.59,4.754E-05,9.03992E-07,0.036462683
8/20/19,$52.59,0.0107802,0.000204987,0.036288561
8/21/19,$53.16,-0.0008469,-1.59304E-05,0.036412049
8/22/19,$53.12,-0.0473227,-0.000890949,0.037057048
8/23/19,$50.66,0.018821,0.000371516,0.037362916
8/26/19,$51.62,-0.011348,-0.000219826,0.037184185
8/27/19,$51.04,0.006688,0.000131035,0.0361335
8/28/19,$51.38,0.0167901,0.000326767,0.03599649
8/29/19,$52.25,-0.0012926,-2.47383E-05,0.035973508
8/30/19,$52.19,-0.0146707,-0.000281128,0.035884457
9/3/19,$51.43,0.0168241,0.000327159,0.035741756
9/4/19,$52.30,0.0193629,0.000370246,0.035641027
9/5/19,$53.32,-9.378E-05,-1.75877E-06,0.035513079
9/6/19,$53.32,0.004258,7.98652E-05,0.033331438
9/9/19,$53.54,0.0117438,0.000219336,0.032768768
9/10/19,$54.18,0.0313001,0.000577759,0.032656269
9/11/19,$55.90,-0.0022603,-4.04357E-05,0.036938321
9/12/19,$55.77,-0.0196242,-0.00035187,0.036796962
9/13/19,$54.69,0.0052434,9.58788E-05,0.037075441
9/16/19,$54.98,0.0036314,6.60558E-05,0.037935859
9/17/19,$55.18,0.0093355,0.000169199,0.037477273
9/18/19,$55.69,-0.0081582,-0.000146486,0.038083626
9/19/19,$55.24,-0.0147259,-0.000266581,0.038027
9/20/19,$54.43,0.0045366,8.33438E-05,0.037290994
9/23/19,$54.68,-0.0047663,-8.71668E-05,0.036916568
9/24/19,$54.42,0.0152723,0.000280638,0.036860477
9/25/19,$55.26,-0.005171,-9.35804E-05,0.037396694
9/26/19,$54.97,-0.0048779,-8.87343E-05,0.036625097
9/27/19,$54.71,0.0232626,0.000425238,0.036577798
9/30/19,$55.99,0.0027644,4.9371E-05,0.040198023
10/1/19,$56.15,-0.0253875,-0.000452156,0.041401878
10/2/19,$54.74,0.0084588,0.000154527,0.041381095
10/3/19,$55.21,0.0276462,0.000500791,0.041208687
10/4/19,$56.75,0.0002202,3.88054E-06,0.04218851
10/7/19,$56.77,-0.0117841,-0.000207595,0.04239789
10/8/19,$56.10,0.011652,0.0002077,0.042197842
10/9/19,$56.76,0.0133884,0.000235887,0.040168619
10/10/19,$57.52,0.0262507,0.000456355,0.040095949
10/11/19,$59.05,-0.0014404,-2.43924E-05,0.039999055
10/14/19,$58.97,-0.0023345,-3.95899E-05,0.039784285
10/15/19,$58.83,-0.0040452,-6.87613E-05,0.039804514
10/16/19,$58.59,0.0038752,6.61387E-05,0.039738444
10/17/19,$58.82,0.0047913,8.14568E-05,0.038402207
10/18/19,$59.10,0.0171941,0.00029092,0.038381449
10/21/19,$60.13,-0.0022894,-3.80762E-05,0.037851883
10/22/19,$59.99,0.0133297,0.000222198,0.037800598
10/23/19,$60.80,0.0016435,2.70338E-05,0.03679409
10/24/19,$60.90,0.0122411,0.000201019,0.036285017
10/25/19,$61.65,0.0099672,0.000161687,0.035481794
10/28/19,$62.26,-0.0233995,-0.000375821,0.035248697
10/29/19,$60.82,-0.0001233,-2.02749E-06,0.033597744
10/30/19,$60.82,0.0223577,0.000367635,0.033071789
10/31/19,$62.19,0.0279855,0.00045,0.032615748
11/1/19,$63.96,0.0065456,0.000102348,0.032322733
11/4/19,$64.38,-0.0014379,-2.23367E-05,0.032251514
11/5/19,$64.28,0.0004277,6.65356E-06,0.032479304
11/6/19,$64.31,0.0084774,0.000131821,0.03234129
11/7/19,$64.86,0.002733,4.2139E-05,0.032307881
11/8/19,$65.04,0.0078876,0.000121283,0.032147419
11/11/19,$65.55,-0.0009158,-1.39703E-05,0.032629815
11/12/19,$65.49,0.009536,0.00014561,0.032507752
11/13/19,$66.12,-0.0069436,-0.000105018,0.033341357
11/14/19,$65.66,0.0118094,0.000179856,0.033408782
11/15/19,$66.44,0.0050295,7.56995E-05,0.032961232
11/18/19,$66.78,-0.0030372,-4.54838E-05,0.032452026
11/19/19,$66.57,-0.0117097,-0.000175894,0.032414218
11/20/19,$65.80,-0.0044935,-6.82934E-05,0.032278136
11/21/19,$65.50,-0.0008782,-1.34073E-05,0.032139743
11/22/19,$65.45,0.0173819,0.000265595,0.033679733
11/25/19,$66.59,-0.0078393,-0.000117721,0.032984399
11/26/19,$66.07,0.0133428,0.000201942,0.032833378
11/27/19,$66.96,-0.0022052,-3.29337E-05,0.032558284
11/29/19,$66.81,-0.0116296,-0.000174063,0.031861611
12/2/19,$66.04,-0.017991,-0.000272425,0.031814681
12/3/19,$64.86,0.0087876,0.000135481,0.031486894
12/4/19,$65.44,0.0145645,0.000222579,0.031916016
12/5/19,$66.40,0.019132,0.000288155,0.032455287
12/6/19,$67.68,-0.0140991,-0.000208328,0.031535175
12/9/19,$66.73,0.0058274,8.73286E-05,0.031451767
12/10/19,$67.12,0.0084933,0.000126539,0.031346508
12/11/19,$67.69,0.002545,3.75972E-05,0.031287647
12/12/19,$67.87,0.0135016,0.000198948,0.0322655
12/13/19,$68.79,0.0169731,0.000246746,0.032164378
12/16/19,$69.97,0.0019633,2.80617E-05,0.032125923
12/17/19,$70.10,-0.0023922,-3.41246E-05,0.032033227
12/18/19,$69.94,0.0010004,1.43051E-05,0.031756357
12/19/19,$70.01,-0.0020734,-2.96183E-05,0.03119505
12/20/19,$69.86,0.0161866,0.000231701,0.031106359
12/23/19,$71.00,0.0009503,1.33838E-05,0.031053094
12/24/19,$71.07,0.019646,0.000276442,0.030987806
12/26/19,$72.48,-0.0003795,-5.23611E-06,0.030977252
12/27/19,$72.45,0.0059176,8.16782E-05,0.031070048
12/30/19,$72.88,0.00728,9.98898E-05,0.030535556
12/31/19,$73.41,0.0225599,0.000307303,0.029668824
1/2/20,$75.09,-0.0097696,-0.000130109,0.029275028
1/3/20,$74.36,0.0079367,0.000106737,0.029688216
1/6/20,$74.95,-0.0047142,-6.28983E-05,0.0288623
1/7/20,$74.60,0.0159583,0.000213926,0.027948678
1/8/20,$75.80,0.0210184,0.000277296,0.027869581
1/9/20,$77.41,0.0022582,2.9173E-05,0.027151564
1/10/20,$77.58,0.0211393,0.000272476,0.026852421
1/13/20,$79.24,-0.0135953,-0.000171571,0.026470941
1/14/20,$78.17,-0.0042947,-5.4941E-05,0.026683339
1/15/20,$77.84,0.0124487,0.000159937,0.026213649
1/16/20,$78.81,0.0110101,0.000139704,0.025873554
1/17/20,$79.68,-0.0068,-8.53382E-05,0.025919488
1/21/20,$79.14,0.0035632,4.5022E-05,0.025969064
1/22/20,$79.43,0.0048043,6.04886E-05,0.025878773
1/23/20,$79.81,-0.0028861,-3.61632E-05,0.025962315
1/24/20,$79.58,-0.0298463,-0.00037506,0.027361865
1/27/20,$77.24,0.0278966,0.00036118,0.02748109
1/28/20,$79.42,0.0207163,0.000260836,0.027234157
1/29/20,$81.09,-0.0014501,-1.78843E-05,0.027186442
1/30/20,$80.97,-0.0453518,-0.000560123,0.027029831
1/31/20,$77.38,-0.0027501,-3.55407E-05,0.025285696
2/3/20,$77.17,0.0324804,0.000420922,0.025536894
2/4/20,$79.71,0.0081212,0.000101882,0.026999654
2/5/20,$80.36,0.0116291,0.000144708,0.030403798
2/6/20,$81.30,-0.0160564,-0.000197489,0.030465806
2/7/20,$80.01,0.0047383,5.92233E-05,0.03050937
2/10/20,$80.39,-0.0060516,-7.52797E-05,0.030572033
2/11/20,$79.90,0.0234701,0.000293734,0.030282605
2/12/20,$81.80,-0.0071465,-8.73656E-05,0.030154582
2/13/20,$81.22,0.0002462,3.03164E-06,0.031620573
2/14/20,$81.24,-0.0184802,-0.000227484,0.030036529
2/18/20,$79.75,0.0143789,0.0001803,0.028954869
2/19/20,$80.91,-0.0103119,-0.000127457,0.029122079
2/20/20,$80.08,-0.0228951,-0.000285921,0.030266306
2/21/20,$78.26,-0.0486656,-0.000621825,0.030111151
2/24/20,$74.55,-0.0344591,-0.000462259,0.030916682
2/25/20,$72.02,0.0157391,0.000218538,0.037362548
2/26/20,$73.16,-0.0676026,-0.000924006,0.037696494
2/27/20,$68.38,-0.0005851,-8.55714E-06,0.051467145
2/28/20,$68.34,0.0890183,0.00130258,0.052598448
3/2/20,$74.70,-0.0322746,-0.000432041,0.054687157
3/3/20,$72.33,0.045341,0.000626863,0.057962774
3/4/20,$75.69,-0.0329748,-0.000435685,0.057398001
3/5/20,$73.23,-0.013369,-0.000182562,0.073236321
3/6/20,$72.26,-0.0823953,-0.001140301,0.070689929
3/9/20,$66.54,0.0695462,0.00104514,0.077143104
3/10/20,$71.34,-0.0353479,-0.00049552,0.135447589
3/11/20,$68.86,-0.1039778,-0.001510043,0.14209469
3/12/20,$62.06,0.1131575,0.001823429,0.222982685
3/13/20,$69.49,-0.1377081,-0.001981625,0.234955483
3/16/20,$60.55,0.0430309,0.000710637,0.251266657
3/17/20,$63.22,-0.0247846,-0.000392068,0.247478207
3/18/20,$61.67,-0.0076916,-0.000124726,0.257935467
3/19/20,$61.20,-0.0655904,-0.001071825,0.261055609
3/20/20,$57.31,-0.021473,-0.000374682,0.269133113
3/23/20,$56.09,0.0956059,0.001704433,0.267888054
3/24/20,$61.72,-0.005524,-8.95006E-05,0.294482551
3/25/20,$61.38,0.0512851,0.000835535,0.293618836
3/26/20,$64.61,-0.0422837,-0.000654446,0.295671442
3/27/20,$61.94,0.0281384,0.000454321,0.295487626
3/30/20,$63.70,-0.0020428,-3.20682E-05,0.297505205
3/31/20,$63.57,-0.0540519,-0.000850241,0.299943701
4/1/20,$60.23,0.016549,0.000274775,0.301158173
4/2/20,$61.23,-0.0144757,-0.000236406,0.320292525
4/3/20,$60.35,0.0836401,0.001385859,0.320328837
4/6/20,$65.62,-0.0116499,-0.000177542,0.321993383
4/7/20,$64.86,0.0252725,0.000389662,0.320651459
4/8/20,$66.52,0.0071902,0.000108095,0.319868828
4/9/20,$67.00,0.0194375,0.000290122,0.333972124
4/13/20,$68.31,0.0492693,0.000721234,0.334247351
4/14/20,$71.76,-0.0091692,-0.000127772,0.333471494
4/15/20,$71.11,0.0079143,0.000111301,0.330302033
4/16/20,$71.67,-0.0136616,-0.000190611,0.32873713
4/17/20,$70.70,-0.0209752,-0.000296678,0.331331744
4/20/20,$69.23,-0.0313981,-0.000453517,0.330405782
4/21/20,$67.09,0.0283965,0.000423244,0.329908809
4/22/20,$69.03,-0.0038829,-5.62541E-05,0.326331748
4/23/20,$68.76,0.0284607,0.000413929,0.325617292
4/24/20,$70.74,0.0007065,9.98748E-06,0.323935941
4/27/20,$70.79,-0.0163422,-0.000230846,0.324294949
4/28/20,$69.65,0.0323173,0.000464029,0.323652231
4/29/20,$71.93,0.0208767,0.000290227,0.326775709
4/30/20,$73.45,-0.0162304,-0.000220972,0.326328765
5/1/20,$72.27,0.0140497,0.000194412,0.328203196
5/4/20,$73.29,0.0148974,0.000203266,0.326962571
5/5/20,$74.39,0.0102644,0.000137981,0.327004557
5/6/20,$75.16,0.0102918,0.000136936,0.326878479
5/7/20,$75.94,0.0208195,0.000274175,0.326018013
5/8/20,$77.53,0.0156128,0.000201371,0.326319224
5/11/20,$78.75,-0.011494,-0.000145951,0.32553741
5/12/20,$77.85,-0.0121476,-0.000156034,0.325107995
5/13/20,$76.91,0.0061246,7.96301E-05,0.324271569
5/14/20,$77.39,-0.0059295,-7.66239E-05,0.326057177
5/15/20,$76.93,0.0232879,0.000302725,0.326396308
5/18/20,$78.74,-0.0057953,-7.36001E-05,0.32681524
5/19/20,$78.29,0.0192615,0.000246043,0.326978722
5/20/20,$79.81,-0.0074834,-9.37678E-05,0.326574586
5/21/20,$79.21,0.0064177,8.10193E-05,0.32524677
5/22/20,$79.72,-0.0067965,-8.52525E-05,0.324722413
5/26/20,$79.18,0.0043476,5.49056E-05,0.32405083
5/27/20,$79.53,0.00044,5.53271E-06,0.32308216
5/28/20,$79.56,-0.0009746,-1.22489E-05,0.321861102
5/29/20,$79.49,0.0122229,0.000153776,0.320894364
6/1/20,$80.46,0.0046188,5.74032E-05,0.320445842
6/2/20,$80.84,0.0054899,6.79154E-05,0.320873092
6/3/20,$81.28,-0.0086495,-0.000106416,0.316945276
6/4/20,$80.58,0.028083,0.00034851,0.317284308
6/5/20,$82.88,0.0058951,7.11325E-05,0.316224233
6/8/20,$83.37,0.0310897,0.000372934,0.314088328
6/9/20,$86.00,0.0254021,0.000295382,0.321826409
6/10/20,$88.21,-0.0492012,-0.000557773,0.321993366
6/11/20,$83.98,0.0085965,0.000102369,0.321840585
6/12/20,$84.70,0.0122913,0.000145116,0.321519094
6/15/20,$85.75,0.0261571,0.000305048,0.320912754
6/16/20,$88.02,-0.0013927,-1.58225E-05,0.320295123
6/17/20,$87.90,0.0003981,4.52927E-06,0.32004658
6/18/20,$87.93,-0.005731,-6.5175E-05,0.320606879
6/19/20,$87.43,0.0258274,0.000295406,0.316763162
6/22/20,$89.72,0.0211202,0.000235407,0.317618969
6/23/20,$91.63,-0.0178097,-0.00019436,0.317611771
6/24/20,$90.02,0.0131882,0.000146511,0.321565599
6/25/20,$91.21,-0.0312077,-0.000342153,0.322062391
6/26/20,$88.41,0.0227851,0.000257728,0.32156064
6/29/20,$90.45,0.008313,9.19118E-05,0.320523322
6/30/20,$91.20,-0.0018932,-2.07592E-05,0.319962875
7/1/20,$91.03,0,0,0.319264125
7/2/20,$91.03,0.0263986,0.000290007,0.318859951
7/6/20,$93.46,-0.0031077,-3.32505E-05,0.317663252
7/7/20,$93.17,0.0230231,0.000247101,0.316808226
7/8/20,$95.34,0.0035597,3.73364E-05,0.316247602
7/9/20,$95.68,0.0024791,2.59096E-05,0.315641211
7/10/20,$95.92,-0.0046239,-4.82057E-05,0.314520173
7/13/20,$95.48,0.016413,0.000171904,0.314636012
7/14/20,$97.06,0.0068538,7.06161E-05,0.314619144
7/15/20,$97.73,-0.0123813,-0.000126695,0.314042557
7/16/20,$96.52,-0.0020223,-2.09516E-05,0.313945903
7/17/20,$96.33,0.020855,0.000216501,0.313448357
7/20/20,$98.36,-0.0138978,-0.000141299,0.312770989
7/21/20,$97.00,0.0028053,2.8921E-05,0.312952127
7/22/20,$97.27,-0.0465849,-0.000478911,0.3126145
7/23/20,$92.85,-0.0024803,-2.67146E-05,0.310156499
7/24/20,$92.62,0.0234238,0.000252916,0.309471735
7/27/20,$94.81,-0.016564,-0.000174708,0.310108927
7/28/20,$93.25,0.018987,0.000203608,0.30857409
7/29/20,$95.04,0.0120275,0.000126552,0.311310117
7/30/20,$96.19,0.0995635,0.001035071,0.309461663
7/31/20,$106.26,0.0248854,0.000234194,0.308730852
8/3/20,$108.94,0.0066559,6.10987E-05,0.308238843
8/4/20,$109.67,0.0036181,3.29925E-05,0.305482951
8/5/20,$110.06,0.0342944,0.000311591,0.301607767
8/6/20,$113.90,-0.0247996,-0.000217727,0.299768915
8/7/20,$111.11,0.0144302,0.00012987,0.29500462
8/10/20,$112.73,-0.0301911,-0.000267823,0.292036133
8/11/20,$109.38,0.032694,0.000298916,0.291143575
8/12/20,$113.01,0.0175428,0.000155232,0.290390446
8/13/20,$115.01,-0.0008916,-7.75258E-06,0.289585727
8/14/20,$114.91,-0.0026142,-2.27506E-05,0.289146282
8/17/20,$114.61,0.0082983,7.24059E-05,0.288632148
8/18/20,$115.56,0.0012539,1.08508E-05,0.288585086
8/19/20,$115.71,0.021947,0.000189676,0.291794908
8/20/20,$118.28,0.0502486,0.000424845,0.291657046
8/21/20,$124.37,0.0118893,9.55964E-05,0.291899416
8/24/20,$125.86,-0.0082376,-6.54515E-05,0.29164968
8/25/20,$124.83,0.0135074,0.000108211,0.290499025
8/26/20,$126.52,-0.0120264,-9.50536E-05,0.29005047
8/27/20,$125.01,-0.0016212,-1.29684E-05,0.289593203
8/28/20,$124.81,0.0333499,0.000267211,0.286722292
8/31/20,$129.04,0.0390597,0.000302695,0.287564425
9/1/20,$134.18,-0.0209361,-0.00015603,0.28267429
9/2/20,$131.40,-0.0834478,-0.000635067,0.282111726
9/3/20,$120.88,0.0006616,5.47315E-06,0.285147671
9/4/20,$120.96,-0.0696663,-0.000575945,0.285058573
9/8/20,$112.82,0.0391116,0.000346673,0.288279956
9/9/20,$117.32,-0.0331905,-0.000282906,0.286755805
9/10/20,$113.49,-0.0132159,-0.00011645,0.287400371
9/11/20,$112.00,0.0295155,0.000263531,0.286886919
9/14/20,$115.36,0.0016025,1.38916E-05,0.285240914
9/15/20,$115.54,-0.0299579,-0.000259286,0.285775157
9/16/20,$112.13,-0.0160924,-0.000143516,0.282862069
9/17/20,$110.34,-0.0322341,-0.000292134,0.28150318
9/18/20,$106.84,0.029875,0.000279624,0.280933843
9/21/20,$110.08,0.0155936,0.000141657,0.281655479
9/22/20,$111.81,-0.0428513,-0.000383251,0.281239391
9/23/20,$107.12,0.0102165,9.53743E-05,0.281291402
9/24/20,$108.22,0.0368296,0.000340321,0.280251682
9/25/20,$112.28,0.0235885,0.000210086,0.280472998
9/28/20,$114.96,-0.0075966,-6.60806E-05,0.280418167
9/29/20,$114.09,0.0149633,0.000131154,0.280146627
9/30/20,$115.81,0.0084265,7.27617E-05,0.281022775
10/1/20,$116.79,-0.0328127,-0.000280954,0.280921874
10/2/20,$113.02,0.0303265,0.000268328,0.281529571
10/5/20,$116.50,-0.0290885,-0.000249687,0.27993773
10/6/20,$113.16,0.0168248,0.000148681,0.279435163
10/7/20,$115.08,-0.0009563,-8.30999E-06,0.279163529
10/8/20,$114.97,0.0172463,0.000150007,0.276751071
10/9/20,$116.97,0.0615847,0.0005265,0.276533718
10/12/20,$124.40,-0.0268855,-0.000216122,0.276042591
10/13/20,$121.10,0.0007429,6.13469E-06,0.275739166
10/14/20,$121.19,-0.0039686,-3.27468E-05,0.275156484
10/15/20,$120.71,-0.0140994,-0.000116804,0.276670495
10/16/20,$119.02,-0.0258738,-0.00021739,0.276095548
10/19/20,$115.98,0.0131057,0.000112999,0.276067075
10/20/20,$117.51,-0.0054612,-4.64746E-05,0.275296642
10/21/20,$116.87,-0.0096295,-8.23951E-05,0.274521579
10/22/20,$115.75,-0.0061528,-5.31559E-05,0.274116196
10/23/20,$115.04,8.692E-05,7.55585E-07,0.273977362
10/26/20,$115.05,0.0133825,0.000116319,0.2789132
10/27/20,$116.60,-0.0474189,-0.00040668,0.279535883
10/28/20,$111.20,0.0363805,0.000327163,0.274186906
10/29/20,$115.32,-0.0576482,-0.000499898,0.273539839
10/30/20,$108.86,-0.0008271,-7.59776E-06,0.274801325
11/2/20,$108.77,0.0152368,0.000140083,0.274736384
11/3/20,$110.44,0.0400249,0.000362413,0.269482556
11/4/20,$114.95,0.0348783,0.000303422,0.268760601
11/5/20,$119.03,-0.0028605,-2.40318E-05,0.266281305
11/6/20,$118.69,-0.02017,-0.000169939,0.266022644
11/9/20,$116.32,-0.0030135,-2.59068E-05,0.267652708
11/10/20,$115.97,0.0299011,0.000257835,0.267468776
11/11/20,$119.49,-0.002346,-1.96338E-05,0.26696182
11/12/20,$119.21,0.0004193,3.51766E-06,0.266669259
11/13/20,$119.26,0.0086826,7.28043E-05,0.26668222
11/16/20,$120.30,-0.0075932,-6.31187E-05,0.265380162
11/17/20,$119.39,-0.0114566,-9.59596E-05,0.265098886
11/18/20,$118.03,0.0051549,4.36742E-05,0.264639963
11/19/20,$118.64,-0.011018,-9.28691E-05,0.261365459
11/20/20,$117.34,-0.0301939,-0.00025732,0.260753469
11/23/20,$113.85,0.0115275,0.000101252,0.260288498
11/24/20,$115.17,0.0074395,6.45956E-05,0.259853677
11/25/20,$116.03,0.0048147,4.14955E-05,0.25919115
11/27/20,$116.59,0.0208801,0.00017909,0.260798149
11/30/20,$119.05,0.0303618,0.000255034,0.260385995
12/1/20,$122.72,0.0029292,2.38691E-05,0.260009235
12/2/20,$123.08,-0.0011381,-9.24699E-06,0.25959023
12/3/20,$122.94,-0.0056283,-4.57809E-05,0.259298247
12/4/20,$122.25,0.0121953,9.97568E-05,0.258637506
12/7/20,$123.75,0.005078,4.10343E-05,0.260083331
12/8/20,$124.38,-0.0211253,-0.000169844,0.258988881
12/9/20,$121.78,0.0119175,9.78612E-05,0.258845062
12/10/20,$123.24,-0.0067576,-5.48329E-05,0.25789525
12/11/20,$122.41,-0.0051599,-4.21528E-05,0.261503606
12/14/20,$121.78,0.0488762,0.000401348,0.261108402
12/15/20,$127.88,-0.0005475,-4.28166E-06,0.260538774
12/16/20,$127.81,0.0069393,5.42941E-05,0.259388723
12/17/20,$128.70,-0.0160173,-0.000124454,0.258799472
12/18/20,$126.66,0.0123587,9.75774E-05,0.258793683
12/21/20,$128.23,0.0280669,0.000218879,0.258266531
12/22/20,$131.88,-0.0070005,-5.30822E-05,0.258044008
12/23/20,$130.96,0.0076827,5.86644E-05,0.258982337
12/24/20,$131.97,0.035141,0.00026628,0.259353899
12/28/20,$136.69,-0.0134042,-9.8063E-05,0.25862392
12/29/20,$134.87,-0.0085633,-6.34929E-05,0.258062153
12/30/20,$133.72,-0.0077325,-5.78259E-05,0.25807103
12/31/20,$132.69,-0.0250299,-0.000188635,0.257650852
1/4/21,$129.41,0.012288,9.4954E-05,0.253975958
1/5/21,$131.01,-0.0342411,-0.000261363,0.254867631
1/6/21,$126.60,0.0335539,0.000265039,0.254887784
1/7/21,$130.92,0.0085942,6.56446E-05,0.253754923
1/8/21,$132.05,-0.0235233,-0.000178139,0.253252139
1/11/21,$128.98,-0.0013965,-1.08276E-05,0.251322872
1/12/21,$128.80,0.0160965,0.000124973,0.251734804
1/13/21,$130.89,-0.0152428,-0.000116455,0.250953921
1/14/21,$128.91,-0.0138256,-0.00010725,0.250661361
1/15/21,$127.14,0.0054124,4.25705E-05,0.250327748
1/19/21,$127.83,0.0323279,0.000252898,0.248504086
1/20/21,$132.03,0.0360024,0.000272683,0.247749967
1/21/21,$136.87,0.0159458,0.000116503,0.247677698
1/22/21,$139.07,0.0273076,0.000196359,0.247296284
1/25/21,$142.92,0.0016779,1.17398E-05,0.248116431
1/26/21,$143.16,-0.0077134,-5.38795E-05,0.246605029
1/27/21,$142.06,-0.0356119,-0.000250682,0.24717813
1/28/21,$137.09,-0.0381388,-0.000278203,0.248254208
1/29/21,$131.96,0.0163852,0.000124168,0.248226422
2/1/21,$134.14,0.0063167,4.70901E-05,0.248440068
2/2/21,$134.99,-0.0078088,-5.7847E-05,0.247908556
2/3/21,$133.94,0.0254317,0.000189874,0.248595917
2/4/21,$137.39,-0.004596,-3.34525E-05,0.248174784
2/5/21,$136.76,0.0010962,8.01558E-06,0.247761568
2/8/21,$136.91,-0.0065954,-4.8173E-05,0.247738183
2/9/21,$136.01,-0.0045689,-3.35925E-05,0.247618942
2/10/21,$135.39,-0.0019222,-1.41977E-05,0.247251441
2/11/21,$135.13,0.0017745,1.31317E-05,0.242865237
2/12/21,$135.37,-0.0162351,-0.000119931,0.242955172
2/16/21,$133.19,-0.0178015,-0.000133655,0.241542595
2/17/21,$130.84,-0.008674,-6.62948E-05,0.241212647
2/18/21,$129.71,0.0012328,9.50398E-06,0.240942258
2/19/21,$129.87,-0.030252,-0.000232941,0.240475528
2/22/21,$126.00,-0.0011117,-8.82324E-06,0.23966661
2/23/21,$125.86,-0.0040604,-3.22609E-05,0.239691296
2/24/21,$125.35,-0.0354019,-0.000282425,0.239312346
2/25/21,$120.99,0.0022291,1.84239E-05,0.240888291
2/26/21,$121.26,0.0524513,0.000432552,0.242229869
3/1/21,$127.79,-0.021115,-0.000165232,0.24305801
3/2/21,$125.12,-0.0247605,-0.000197894,0.241610001
3/3/21,$122.06,-0.0159382,-0.000130577,0.24286172
3/4/21,$120.13,0.0106811,8.8913E-05,0.241654745
3/5/21,$121.42,-0.0425668,-0.000350575,0.239658746
3/8/21,$116.36,0.0398039,0.000342076,0.239378825
3/9/21,$121.09,-0.0091677,-7.57131E-05,0.238699478
3/10/21,$119.98,0.0163681,0.000136423,0.237946743
3/11/21,$121.96,-0.0076547,-6.27638E-05,0.237870104
3/12/21,$121.03,0.0241625,0.00019964,0.237051322
3/15/21,$123.99,0.0126625,0.000102125,0.236579969
3/16/21,$125.57,-0.0064715,-5.15368E-05,0.237547343
3/17/21,$124.76,-0.0344932,-0.000276476,0.23725272
3/18/21,$120.53,-0.0044903,-3.72544E-05,0.236148049
3/19/21,$119.99,0.0279417,0.000232867,0.235657521
3/22/21,$123.39,-0.0069126,-5.60221E-05,0.234511875
3/23/21,$122.54,-0.020196,-0.000164812,0.233871611
3/24/21,$120.09,0.0041549,3.45982E-05,0.233409463
3/25/21,$120.59,0.0051282,4.2526E-05,0.23307547
3/26/21,$121.21,0.0014839,1.22426E-05,0.233472348
3/29/21,$121.39,-0.0123504,-0.000101742,0.233840193
3/30/21,$119.90,0.0185917,0.00015506,0.233825561
3/31/21,$122.15,0.0069346,5.67708E-05,0.233867276
4/1/21,$123.00,0.0233036,0.00018946,0.233488073
4/5/21,$125.90,0.0024592,1.95333E-05,0.233288046
4/6/21,$126.21,0.0133015,0.000105392,0.232536803
4/7/21,$127.90,0.0190511,0.000148953,0.232567403
4/8/21,$130.36,0.0200117,0.000153511,0.231716634
4/9/21,$133.00,-0.0132838,-9.98821E-05,0.231136585
4/12/21,$131.24,0.0240159,0.000182992,0.230363541
4/13/21,$134.43,-0.0180144,-0.000134006,0.230754605
4/14/21,$132.03,0.018535,0.000140385,0.230302345
4/15/21,$134.50,-0.0025311,-1.88185E-05,0.229885819
4/16/21,$134.16,0.0050558,3.76847E-05,0.229349518
4/19/21,$134.84,-0.012913,-9.57656E-05,0.229051144
4/20/21,$133.11,0.0029256,2.1979E-05,0.228957806
4/21/21,$133.50,-0.0117542,-8.80465E-05,0.228664408
4/22/21,$131.94,0.0178777,0.000135499,0.228363904
4/23/21,$134.32,0.0029735,2.21377E-05,0.228138857
4/26/21,$134.72,-0.0024525,-1.82046E-05,0.228061002
4/27/21,$134.39,-0.0060455,-4.49845E-05,0.227706118
4/28/21,$133.58,-0.0007489,-5.60634E-06,0.226956662
4/29/21,$133.48,-0.015249,-0.000114242,0.227033235
4/30/21,$131.46,0.0081819,6.22384E-05,0.225680614
5/3/21,$132.54,-0.0360268,-0.000271818,0.225387945
5/4/21,$127.85,0.0019535,1.52797E-05,0.224428504
5/5/21,$128.10,0.0127212,9.93071E-05,0.224161534
5/6/21,$129.74,0.0036161,2.78718E-05,0.222212213
5/7/21,$130.21,-0.0261432,-0.000200778,0.22213408
5/10/21,$126.85,-0.0074379,-5.86356E-05,0.22082171
5/11/21,$125.91,-0.0252547,-0.000200577,0.221447433
5/12/21,$122.77,0.017761,0.000144669,0.221206607
5/13/21,$124.97,0.0196504,0.000157241,0.221193436
5/14/21,$127.45,-0.0093017,-7.29828E-05,0.221688729
5/17/21,$126.27,-0.0113095,-8.95657E-05,0.221281491
5/18/21,$124.85,-0.0012824,-1.02712E-05,0.221053301
5/19/21,$124.69,0.0207944,0.000166769,0.2208958
5/20/21,$127.31,-0.0148772,-0.000116858,0.22023035
5/21/21,$125.43,0.0132263,0.000105448,0.219951043
5/24/21,$127.10,-0.0015748,-1.23903E-05,0.219622909
5/25/21,$126.90,-0.0003941,-3.10551E-06,0.219403017
5/26/21,$126.85,-0.0124541,-9.81794E-05,0.218941977
5/27/21,$125.28,-0.0053624,-4.28031E-05,0.218706953
5/28/21,$124.61,-0.0026518,-2.12806E-05,0.218657709
6/1/21,$124.28,0.0062565,5.03423E-05,0.218572025
6/2/21,$125.06,-0.0122286,-9.77821E-05,0.218174283
6/3/21,$123.54,0.0188435,0.00015253,0.21787872
6/4/21,$125.89,7.943E-05,6.30958E-07,0.217636782
6/7/21,$125.90,0.0066498,5.28181E-05,0.217405522
6/8/21,$126.74,0.0030724,2.42421E-05,0.217259075
6/9/21,$127.13,-0.0080556,-6.33654E-05,0.217057365
6/10/21,$126.11,0.0097847,7.75883E-05,0.217178483
6/11/21,$127.35,0.0242808,0.000190662,0.216922706
6/14/21,$130.48,-0.0064586,-4.94986E-05,0.216727594
6/15/21,$129.64,0.0039263,3.02858E-05,0.216681965
6/16/21,$130.15,0.0125221,9.62129E-05,0.217380152
6/17/21,$131.79,-0.0101431,-7.6964E-05,0.218331813
6/18/21,$130.46,0.0140054,0.000107354,0.218490168
6/21/21,$132.30,0.0126185,9.53777E-05,0.218296367
6/22/21,$133.98,-0.0020921,-1.56147E-05,0.21782793
6/23/21,$133.70,-0.0021714,-1.62408E-05,0.217493582
6/24/21,$133.41,-0.0022512,-1.68746E-05,0.216666686
6/25/21,$133.11,0.012468,9.36666E-05,0.216492915
6/28/21,$134.78,0.0114346,8.4839E-05,0.21614617
6/29/21,$136.33,0.0046105,3.38186E-05,0.215851861
6/30/21,$136.96,0.0022609,1.65076E-05,0.215374835
7/1/21,$137.27,0.0194069,0.000141377,0.214917647
7/2/21,$139.96,0.0146112,0.000104396,0.214575156
7/6/21,$142.02,0.0177959,0.000125306,0.214517832
7/7/21,$144.57,-0.0092423,-6.39294E-05,0.214838235
7/8/21,$143.24,0.0129705,9.0551E-05,0.21462433
7/9/21,$145.11,-0.0042126,-2.90302E-05,0.21409475
7/12/21,$144.50,0.0078583,5.43828E-05,0.21373815
7/13/21,$145.64,0.0238147,0.000163517,0.213345354
7/14/21,$149.15,-0.0045022,-3.0186E-05,0.213239329
7/15/21,$148.48,-0.014176,-9.5474E-05,0.213612944
7/16/21,$146.39,-0.0272832,-0.000186374,0.213328035
7/19/21,$142.45,0.0256424,0.00018001,0.212678598
7/20/21,$146.15,-0.0051449,-3.52031E-05,0.212189011
7/21/21,$145.40,0.0095826,6.59048E-05,0.212580684
7/22/21,$146.80,0.0119178,8.11839E-05,0.212245914
7/23/21,$148.56,0.0028903,1.94553E-05,0.212805913
7/26/21,$148.99,-0.0150125,-0.000100761,0.212190607
7/27/21,$146.77,-0.0122709,-8.36066E-05,0.211863541
7/28/21,$144.98,0.004542,3.13286E-05,0.211592446
7/29/21,$145.64,0.0015094,1.03641E-05,0.21115427
7/30/21,$145.86,-0.0023337,-1.59997E-05,0.211258265
8/2/21,$145.52,0.012565,8.63458E-05,0.210909016
8/3/21,$147.36,-0.0027862,-1.89073E-05,0.210675029
8/4/21,$146.95,0.0007483,5.09203E-06,0.210133458
8/5/21,$147.06,-0.0062756,-4.26737E-05,0.209930164
8/6/21,$146.14,-0.0003422,-2.34156E-06,0.209548614
8/9/21,$146.09,-0.0033597,-2.29977E-05,0.209297932
8/10/21,$145.60,0.0017841,1.22536E-05,0.209707881
8/11/21,$145.86,0.0205605,0.000140961,0.209441941
8/12/21,$148.89,0.0014094,9.46634E-06,0.208891695
8/13/21,$149.10,0.013457,9.02549E-05,0.208868969
8/16/21,$151.12,-0.0061731,-4.08488E-05,0.20938868
8/17/21,$150.19,-0.0258318,-0.000171994,0.209203472
8/18/21,$146.36,0.0023203,1.58537E-05,0.20927067
8/19/21,$146.70,0.0101055,6.88858E-05,0.208460754
8/20/21,$148.19,0.0102049,6.88633E-05,0.208229571
8/23/21,$149.71,-0.0006013,-4.01672E-06,0.207971906
8/24/21,$149.62,-0.008457,-5.65232E-05,0.207781635
8/25/21,$148.36,-0.0055424,-3.7358E-05,0.207550223
8/26/21,$147.54,0.0071588,4.85211E-05,0.206543491
8/27/21,$148.60,0.0299638,0.000201641,0.205896768
8/30/21,$153.12,-0.0084605,-5.52537E-05,0.205700228
8/31/21,$151.83,0.0044687,2.94322E-05,0.20549667
9/1/21,$152.51,0.0074471,4.88304E-05,0.205162616
9/2/21,$153.65,0.0042215,2.74746E-05,0.204167514
9/3/21,$154.30,0.0153706,9.96149E-05,0.203577699
9/7/21,$156.69,-0.0101348,-6.46805E-05,0.203433289
9/8/21,$155.11,-0.0067275,-4.33724E-05,0.202004515
9/9/21,$154.07,-0.0336621,-0.000218486,0.201676285
9/10/21,$148.97,0.0038858,2.60847E-05,0.20146761
9/13/21,$149.55,-0.009608,-6.42463E-05,0.201182363
9/14/21,$148.12,0.0061249,4.13507E-05,0.200942912
9/15/21,$149.03,-0.0016117,-1.08147E-05,0.200742321
9/16/21,$148.79,-0.0185184,-0.00012446,0.201303434
9/17/21,$146.06,-0.0215925,-0.000147833,0.20113536
9/20/21,$142.94,0.0034221,2.39412E-05,0.20091242
9/21/21,$143.43,0.0167316,0.000116653,0.200650403
9/22/21,$145.85,0.0066968,4.59154E-05,0.20037588
9/23/21,$146.83,0.0006128,4.1733E-06,0.200627868
9/24/21,$146.92,-0.010606,-7.2189E-05,0.200817532
9/27/21,$145.37,-0.0240892,-0.000165709,0.200800545
9/28/21,$141.91,0.0064621,4.55363E-05,0.200819141
9/29/21,$142.83,-0.0093554,-6.55002E-05,0.200520441
9/30/21,$141.50,0.0080944,5.7204E-05,0.200303729
10/1/21,$142.65,-0.0249135,-0.000174647,0.199452971
10/4/21,$139.14,0.0140591,0.000101043,0.199287046
10/5/21,$141.11,0.0062873,4.45562E-05,0.199506493
10/6/21,$142.00,0.0090435,6.36866E-05,0.199167803
10/7/21,$143.29,-0.0027255,-1.90206E-05,0.198972286
10/8/21,$142.90,-0.00063,-4.40874E-06,0.198728365
10/11/21,$142.81,-0.0091447,-6.4034E-05,0.198516079
10/12/21,$141.51,-0.004249,-3.00261E-05,0.198808504
10/13/21,$140.91,0.0200239,0.000142104,0.198453257
10/14/21,$143.76,0.0074844,5.20621E-05,0.198522042
10/15/21,$144.84,0.011737,8.10341E-05,0.197950295
10/18/21,$146.55,0.0149676,0.000102133,0.197751732
10/19/21,$148.76,0.0033555,2.25564E-05,0.197515498
10/20/21,$149.26,0.0014729,9.8677E-06,0.197022007
10/21/21,$149.48,-0.005299,-3.54496E-05,0.196786382
10/22/21,$148.69,-0.0003363,-2.26193E-06,0.196649928
10/25/21,$148.64,0.0045644,3.07076E-05,0.196505277
10/26/21,$149.32,-0.0031526,-2.11128E-05,0.196663194
10/27/21,$148.85,0.0246844,0.000165834,0.196186984
10/28/21,$152.57,-0.0183224,-0.000120092,0.195757183
10/29/21,$149.80,-0.0056233,-3.75384E-05,0.195652127
11/1/21,$148.96,0.0070908,4.76021E-05,0.195362263
11/2/21,$150.02,0.009751,6.4998E-05,0.195309492
11/3/21,$151.49,-0.0035047,-2.3135E-05,0.195087445
11/4/21,$150.96,0.0021175,1.4027E-05,0.194804883
11/5/21,$151.28,-0.0055681,-3.68065E-05,0.194530829
11/8/21,$150.44,0.0024564,1.63283E-05,0.1954899
11/9/21,$150.81,-0.0193492,-0.000128302,0.195222238
11/10/21,$147.92,-0.0003381,-2.28554E-06,0.195365097
11/11/21,$147.87,0.0142351,9.62678E-05,0.195136224
11/12/21,$149.99,6.667E-05,4.44489E-07,0.194992554
11/15/21,$150.00,0.0066445,4.4297E-05,0.194130181
11/16/21,$151.00,0.0163556,0.000108315,0.193897885
11/17/21,$153.49,0.0281365,0.000183312,0.193655719
11/18/21,$157.87,0.0168335,0.000106629,0.193365213
11/19/21,$160.55,0.0029232,1.82072E-05,0.193174012
11/22/21,$161.02,0.0024191,1.50238E-05,0.193007833
11/23/21,$161.41,0.0032782,2.03097E-05,0.193964754
11/24/21,$161.94,-0.032191,-0.000198784,0.194005127
11/26/21,$156.81,0.0216378,0.000137987,0.193389936
11/29/21,$160.24,0.0310893,0.000194017,0.193314793
11/30/21,$165.30,-0.0032114,-1.9428E-05,0.192752331
12/1/21,$164.77,-0.0061486,-3.73164E-05,0.19269101
12/2/21,$163.76,-0.0117937,-7.20185E-05,0.193149391
12/3/21,$161.84,0.0212748,0.000131456,0.192783086
12/6/21,$165.32,0.0348326,0.000210698,0.192683054
12/7/21,$171.18,0.0225274,0.000131601,0.192636219
12/8/21,$175.08,-0.0029745,-1.69893E-05,0.193683218
12/9/21,$174.56,0.0276281,0.000158273,0.193969213
12/10/21,$179.45,-0.020891,-0.000116417,0.194108574
12/13/21,$175.74,-0.0080556,-4.5838E-05,0.194498043
12/14/21,$174.33,0.0281103,0.000161248,0.192822077
12/15/21,$179.30,-0.0400554,-0.000223399,0.193104138
12/16/21,$172.26,-0.006523,-3.78673E-05,0.193255816
12/17/21,$171.14,-0.0081552,-4.7652E-05,0.193013386
12/20/21,$169.75,0.018907,0.000111382,0.193528584
12/21/21,$172.99,0.0152027,8.78817E-05,0.193301296
12/22/21,$175.64,0.0036372,2.07082E-05,0.193347134
12/23/21,$176.28,0.0227149,0.000128857,0.193088046
12/27/21,$180.33,-0.0057839,-3.2074E-05,0.192890069
12/28/21,$179.29,0.0005019,2.79912E-06,0.192641806
12/29/21,$179.38,-0.0065999,-3.67931E-05,0.192333413
12/30/21,$178.20,-0.0035416,-1.98744E-05,0.191377084
12/31/21,$177.57,0.0246967,0.000139082,0.191812806
1/3/22,$182.01,-0.0127728,-7.01766E-05,0.192200071
1/4/22,$179.70,-0.0269601,-0.000150028,0.191688437
1/5/22,$174.92,-0.0168342,-9.62397E-05,0.191484537
1/6/22,$172.00,0.0009879,5.74351E-06,0.191305231
1/7/22,$172.17,0.0001162,6.74668E-07,0.191914715
1/10/22,$172.19,0.0166445,9.66635E-05,0.191675643
1/11/22,$175.08,0.002567,1.46616E-05,0.192952221
1/12/22,$175.53,-0.0192115,-0.000109448,0.192597448
1/13/22,$172.19,0.0050976,2.96046E-05,0.191979783
1/14/22,$173.07,-0.0190749,-0.000110215,0.191384737
1/18/22,$169.80,-0.0212489,-0.000125141,0.191163569
1/19/22,$166.23,-0.010401,-6.257E-05,0.191514507
1/20/22,$164.51,-0.0128474,-7.80947E-05,0.191302659
1/21/22,$162.41,-0.0048761,-3.00234E-05,0.191658458
1/24/22,$161.62,-0.01145,-7.08454E-05,0.191473185
1/25/22,$159.78,-0.0005634,-3.52631E-06,0.191270103
1/26/22,$159.69,-0.0029475,-1.84579E-05,0.192887365
1/27/22,$159.22,0.0674508,0.000423633,0.193607583
1/28/22,$170.33,0.0257903,0.000151414,0.193379585
1/31/22,$174.78,-0.0009731,-5.56771E-06,0.193270293
2/1/22,$174.61,0.0070196,4.02014E-05,0.194115645
2/2/22,$175.84,-0.0168611,-9.58889E-05,0.193631487
2/3/22,$172.90,-0.002954,-1.70853E-05,0.193449836
2/4/22,$172.39,-0.0042436,-2.46161E-05,0.193979421
2/7/22,$171.66,0.0182983,0.000106596,0.193618404
2/8/22,$174.83,0.0082596,4.72434E-05,0.19350024
2/9/22,$176.28,-0.0238817,-0.000135476,0.19359423
2/10/22,$172.12,-0.0204256,-0.000118671,0.19338285
2/11/22,$168.64,0.0014221,8.43298E-06,0.193606287
2/14/22,$168.88,0.0228886,0.000135532,0.1934243
2/15/22,$172.79,-0.0013899,-8.04407E-06,0.194301774
2/16/22,$172.55,-0.0214986,-0.000124594,0.194023602
2/17/22,$168.88,-0.0093998,-5.56596E-05,0.194596433
2/18/22,$167.30,-0.0179729,-0.000107429,0.195321336
2/22/22,$164.32,-0.0262045,-0.000159473,0.195826362
2/23/22,$160.07,0.0165426,0.000103346,0.195644967
2/24/22,$162.74,0.0128821,7.91578E-05,0.195432764
2/25/22,$164.85,0.0016365,9.92728E-06,0.195245239
2/28/22,$165.12,-0.011696,-7.08336E-05,0.195494864
3/1/22,$163.20,0.0203792,0.000124872,0.195359723
3/2/22,$166.56,-0.0019832,-1.1907E-05,0.194086405
3/3/22,$166.23,-0.0185798,-0.000111771,0.195640308
3/4/22,$163.17,-0.0240034,-0.000147107,0.196053155
3/7/22,$159.30,-0.0117448,-7.37275E-05,0.196637688
3/8/22,$157.44,0.034399,0.000218489,0.196915682
3/9/22,$162.95,-0.0275626,-0.000169148,0.196763263
3/10/22,$158.52,-0.0241991,-0.000152656,0.196696192
3/11/22,$154.73,-0.0269216,-0.000173991,0.196777827
3/14/22,$150.62,0.0292455,0.000194167,0.196986814
3/15/22,$155.09,0.0286024,0.000184425,0.196984675
3/16/22,$159.59,0.0064333,4.03114E-05,0.196495401
3/17/22,$160.62,0.0207031,0.000128895,0.1961901
3/18/22,$163.98,0.0085014,5.1844E-05,0.197085914
3/21/22,$165.38,0.0205872,0.000124484,0.196397556
3/22/22,$168.82,0.0081999,4.85719E-05,0.195609495
3/23/22,$170.21,0.0224245,0.000131746,0.195442805
3/24/22,$174.07,0.0037272,2.14119E-05,0.195123924
3/25/22,$174.72,0.005024,2.87545E-05,0.195471025
3/28/22,$175.60,0.0189536,0.000107936,0.19527874
3/29/22,$178.96,-0.0066717,-3.72806E-05,0.195166099
3/30/22,$177.77,-0.0179357,-0.000100893,0.194832035
3/31/22,$174.61,-0.0017196,-9.84819E-06,0.193149421
4/1/22,$174.31,0.0234171,0.000134342,0.192857353
4/4/22,$178.44,-0.0191236,-0.000107171,0.192061542
4/5/22,$175.06,-0.0186232,-0.000106382,0.191880617
4/6/22,$171.83,0.0018025,1.04899E-05,0.192036426
4/7/22,$172.14,-0.0119804,-6.95968E-05,0.191659686
4/8/22,$170.09,-0.0258471,-0.000151961,0.191626048
4/11/22,$165.75,0.0114575,6.91251E-05,0.191857022
4/12/22,$167.66,0.0162105,9.66867E-05,0.192822583
4/13/22,$170.40,-0.0304471,-0.00017868,0.192666094
4/14/22,$165.29,-0.0013319,-8.05784E-06,0.192764353
4/18/22,$165.07,0.0140165,8.49127E-05,0.192547649
4/19/22,$167.40,-0.001016,-6.06958E-06,0.192679146
4/20/22,$167.23,-0.0048554,-2.90342E-05,0.192928058
4/21/22,$166.42,-0.0282155,-0.000169544,0.1928322
4/22/22,$161.79,0.0067145,4.15015E-05,0.19511981
4/25/22,$162.88,-0.0380426,-0.000233562,0.194736594
4/26/22,$156.80,-0.0014679,-9.36169E-06,0.194390704
4/27/22,$156.57,0.0441657,0.000282083,0.19568489
4/28/22,$163.64,-0.0372915,-0.000227887,0.195470958
4/29/22,$157.65,0.0019645,1.24608E-05,0.195323506
5/2/22,$157.96,0.0095767,6.06273E-05,0.196657414
5/3/22,$159.48,0.0401897,0.000252005,0.199850411
5/4/22,$166.02,-0.0573285,-0.000345311,0.1996434
5/5/22,$156.77,0.0032479,2.07176E-05,0.20192694
5/6/22,$157.28,-0.0337525,-0.000214601,0.201992959
5/9/22,$152.06,0.0159836,0.000105114,0.201522118
5/10/22,$154.51,-0.0532334,-0.00034453,0.202051214
5/11/22,$146.50,-0.0272625,-0.000186092,0.203075124
5/12/22,$142.56,0.0314176,0.000220382,0.202889531
5/13/22,$147.11,-0.0107296,-7.29362E-05,0.202338698
5/16/22,$145.54,0.0251048,0.000172494,0.205948726
5/17/22,$149.24,-0.0580733,-0.000389127,0.205401346
5/18/22,$140.82,-0.0249501,-0.000177177,0.205207668
5/19/22,$137.35,0.0017458,1.27109E-05,0.205467949
5/20/22,$137.59,0.0393353,0.000285888,0.20551013
5/23/22,$143.11,-0.019403,-0.000135581,0.205301671
5/24/22,$140.36,0.0011393,8.11682E-06,0.205727172
5/25/22,$140.52,0.0229345,0.000163212,0.207130771
5/26/22,$143.78,0.0399481,0.000277842,0.206871617
5/27/22,$149.64,-0.0053605,-3.58227E-05,0.206659149
5/31/22,$148.84,-0.0008738,-5.87075E-06,0.207242781
6/1/22,$148.71,0.0166715,0.000112107,0.208060426
6/2/22,$151.21,-0.0393186,-0.000260026,0.207909733
6/3/22,$145.38,0.0052141,3.58651E-05,0.20736241
6/6/22,$146.14,0.017433,0.00011929,0.207170432
6/7/22,$148.71,-0.0050561,-3.4E-05,0.206887778
6/8/22,$147.96,-0.036618,-0.000247486,0.209291355
6/9/22,$142.64,-0.0393946,-0.000276182,0.209941516
6/10/22,$137.13,-0.039037,-0.000284671,0.209634748
6/13/22,$131.88,0.0066506,5.04289E-05,0.210133126
6/14/22,$132.76,0.0199119,0.000149984,0.210527012
6/15/22,$135.43,-0.040459,-0.000298745,0.210365682
6/16/22,$130.06,0.0114671,8.81681E-05,0.210438291
6/17/22,$131.56,0.0322355,0.000245025,0.210254948
6/21/22,$135.87,-0.0038345,-2.82221E-05,0.211047471